no,sample,tissue,plant,stage,BR,A,B,C,D,E,F,G,H,I,J,pulp_wt_mg,pulp_wt_g,insert_wt,insert_extract,extract_wt_g,extract_wt_mg,A_corr,B_corr,C_corr,D_corr,E_corr,F_corr,G_corr,H_corr,I_corr,J_corr,A_pdw,B_pdw,C_pdw,D_pdw,E_pdw,F_pdw,G_pdw,H_pdw,I_pdw,J_pdw
1,L.10.M,L,10,M,7497626,6482,10190,565,2101,14507,47139,594,767,5849,13344,10.1,0.0101,0.58188,0.58217,0.00029,0.29,0.000792498,0.001245843,6.91E-05,0.000256871,0.001773646,0.005763279,7.26E-05,9.38E-05,0.000715107,0.001631456,NA,0.00194371,NA,NA,NA,0.008991614,NA,NA,NA,NA
2,L.11.M,L,11,M,8465881,5188,8065,1429,1293,10151,33041,201,414,4136,8922,10,0.01,0.59029,0.59039,1.00E-04,0.1,0.000561747,0.000873263,0.000154729,0.000140004,0.001099132,0.003577619,2.18E-05,4.48E-05,0.000447838,0.000966058,NA,0.001376051,NA,NA,NA,0.00563746,NA,NA,NA,NA
3,L.8.M,L,8,M,7459852,2767,3283,1006,1591,5845,16808,82,84,2349,5161,10.04,0.01004,0.58033,0.58074,0.00041,0.41,0.00034001,0.000403417,0.000123618,0.000195503,0.000718236,0.002065375,1.01E-05,1.03E-05,0.000288646,0.000634186,NA,0.000633154,NA,NA,NA,0.003241564,NA,NA,NA,NA
4,L.9.M,L,9,M,11160717,3855,6909,413,1954,10995,51240,776,809,5881,19103,10.01,0.01001,0.58547,0.58581,0.00034,0.34,0.000316625,0.000567461,3.39E-05,0.000160489,0.000903059,0.004208526,6.37E-05,6.64E-05,0.000483028,0.001568998,NA,0.000893288,NA,NA,NA,0.006624992,NA,NA,NA,NA
5,P.1.1,P,1,1,5584266,962573,2620319,193946,897275,1172959,3284434,95789,149144,134080,88445,9.96,0.00996,0.57507,0.57542,0.00035,0.35,0.158008553,0.43013134,0.031836678,0.147289738,0.192543895,0.539147332,0.015723983,0.024482328,0.022009538,0.014518448,0.249983107,0.680504737,0.05036836,0.22979497,0.304620985,0.852977402,0.024876692,0.038733146,0.03482098,0.022969433
6,P.1.2,P,1,2,5998324,1661453,4051550,318368,1149336,2107140,5315444,167194,221027,267686,161936,10.03,0.01003,0.58504,0.58551,0.00047,0.47,0.253904944,0.619162009,0.048653323,0.175642701,0.322015287,0.812311581,0.025550758,0.033777572,0.040908048,0.024747225,0.398895952,0.972731033,0.076436533,0.274030017,0.505900327,1.276177595,0.040141376,0.053066067,0.064268361,0.03887899
7,P.1.3,P,1,3,6017134,1789713,4007159,331631,1217432,2240260,5519987,173620,215067,277953,160881,10.09,0.01009,0.58624,0.58685,0.00061,0.61,0.27265077,0.610463792,0.050521758,0.185467598,0.341288583,0.84093299,0.026449842,0.032764015,0.042344275,0.024509141,0.425799322,0.953362681,0.078899944,0.289358389,0.532991149,1.313286947,0.041306778,0.051167636,0.06612915,0.038275981
8,P.1.4,P,1,4,11159772,1692214,4325941,335281,568226,2284637,6680577,198322,113813,320291,241068,10.06,0.01006,0.58362,0.58428,0.00066,0.66,0.138999417,0.355335247,0.027540171,0.046674406,0.187661379,0.548746383,0.016290282,0.009348664,0.026308884,0.019801462,0.217723047,0.556582711,0.043137807,0.072819355,0.293945168,0.859534066,0.025516436,0.014643368,0.041209169,0.031016207
9,P.1.5,P,1,5,9274733,99786,310034,31310,92589,167983,740792,20572,9415,47815,44649,9.96,0.00996,0.58741,0.58769,0.00028,0.28,0.009862368,0.030642269,0.00309453,0.009151051,0.016602632,0.073216318,0.002033238,0.000930533,0.004725805,0.004412892,0.015603114,0.048478703,0.004895812,0.014277068,0.02626679,0.115834506,0.003216756,0.001472184,0.007476629,0.006981575
10,P.1.6,P,1,6,5283651,55030,75878,9209,80261,59723,194628,4361,2824,11592,12437,9.98,0.00998,0.58351,0.58396,0.00045,0.45,0.009547252,0.013164209,0.001597686,0.013924623,0.010361449,0.033766358,0.000756598,0.000489941,0.002011117,0.002157717,0.015074304,0.020785172,0.002522611,0.021724585,0.016359852,0.053314222,0.001194604,0.000773575,0.003175383,0.003406853
11,P.10.1,P,10,1,7891021,199222,360633,23756,175986,955943,2617194,33387,112009,627255,512267,10.01,0.01001,0.59507,0.59518,0.00011,0.11,0.023142865,0.041893369,0.002759644,0.020443627,0.111048275,0.304029507,0.003878441,0.013011661,0.072865836,0.059508116,0.036431113,0.065947845,0.004344187,0.031895247,0.17481035,0.478598201,0.006105378,0.020482741,0.114704189,0.093676687
12,P.10.2,P,10,2,7824147,512530,988346,62974,426640,2469842,6894403,89566,320299,1644379,1432356,9.93,0.00993,0.58943,0.59016,0.00073,0.73,0.060047552,0.115793725,0.007377977,0.049984757,0.289364459,0.807742032,0.010493472,0.037525942,0.192653959,0.167813536,0.095287397,0.183749083,0.011707858,0.07798402,0.459182517,1.281778073,0.01665173,0.059548627,0.305715948,0.266297533
13,P.10.4,P,10,4,8221666,50754,141941,5414,16686,246258,1212376,8825,11704,195621,292957,10.04,0.01004,0.58604,0.58677,0.00073,0.73,0.005658789,0.015825632,0.000603631,0.001860396,0.027456396,0.135173176,0.000983938,0.001304931,0.021810653,0.032663075,0.008881353,0.024838007,0.000947386,0.002902508,0.043092256,0.21215155,0.001544271,0.002048062,0.034231376,0.051264032
14,P.10.5,P,10,5,6539191,8439,20109,566,3970,39506,233094,2864,3976,70701,139960,10.09,0.01009,0.58485,0.58542,0.00057,0.57,0.001182987,0.002818899,7.93E-05,0.000556518,0.005537989,0.032675338,0.000401478,0.000557359,0.009910933,0.019619726,0.001847474,0.00440228,0.000123909,0.000868255,0.008648689,0.051029149,0.000626989,0.00087043,0.015477927,0.03064017
15,P.11.1,P,11,1,6656952,187246,303402,23747,138172,894894,2373142,32882,99069,624253,507089,10.05,0.01005,0.58263,0.58288,0.00025,0.25,0.025783991,0.041778807,0.003269989,0.019026444,0.12322794,0.326784402,0.004527889,0.013641916,0.085960361,0.069826743,0.040427183,0.065505743,0.005127075,0.029684222,0.193211304,0.512371141,0.007099359,0.021389406,0.134778796,0.109482606
16,P.11.2,P,11,2,5326332,123598,210972,15316,105623,704221,2024649,29399,93210,533472,456353,10.06,0.01006,0.58866,0.58885,0.00019,0.19,0.021271408,0.036308608,0.002635907,0.018177882,0.121197527,0.348445234,0.005059614,0.016041586,0.091811359,0.078539059,0.03331867,0.056872331,0.004128778,0.028360332,0.189838887,0.545790474,0.007925173,0.025126889,0.143809587,0.123020395
17,P.11.3,P,11,3,7385229,212835,385415,24981,116982,1178722,3354171,42807,108834,911065,751733,9.99,0.00999,0.59028,0.59066,0.00038,0.38,0.026417523,0.047838512,0.003100694,0.014520049,0.146305429,0.416326688,0.005313294,0.013508703,0.113083285,0.093306665,0.041669282,0.075457355,0.004890832,0.022653542,0.23077266,0.656686619,0.008380844,0.021307748,0.178370213,0.14717586
18,P.11.4,P,11,4,5719732,50342,82680,5006,17438,368424,1012147,13986,20731,341386,266669,10.05,0.01005,0.58423,0.58467,0.00044,0.44,0.008068036,0.013250669,0.000802284,0.002794692,0.059045289,0.162211235,0.002241459,0.003322443,0.054712057,0.042737574,0.012650018,0.020775962,0.001257916,0.004360156,0.09257817,0.254333913,0.003514424,0.005209319,0.085784019,0.067009012
19,P.11.5,P,11,5,6133721,24742,86430,2359,10187,143607,897018,6226,8035,147871,269706,10,0.01,0.59703,0.59746,0.00043,0.43,0.003697633,0.012916758,0.000352547,0.001522423,0.021461724,0.134057204,0.000930461,0.001200812,0.022098969,0.04030692,0.005826573,0.020353679,0.000555529,0.002375217,0.033818475,0.211241655,0.001466181,0.001892188,0.034822618,0.063513934
20,P.12.1,P,12,1,91232,26585,23960,2623,2623,31839,30103,2604,2882,2882,1465,10.09,0.01009,0.59034,0.59069,0.00035,0.35,0.26711759,0.240742428,0.026355066,0.026355066,0.319908104,0.30246533,0.02616416,0.028957416,0.028957416,0.014719852,0.417158142,0.375967993,0.041158767,0.041118015,0.499601207,0.472360788,0.040860628,0.045222861,0.045222861,0.022988026
21,P.12.2,P,12,2,104181,45015,38824,8039,8039,64965,62944,12865,8247,11438,2959,9.91,0.00991,0.59523,0.59594,0.00071,0.71,0.39607894,0.341605437,0.070733724,0.070733724,0.571615425,0.553833007,0.113196836,0.072563879,0.100640918,0.026035712,0.629792523,0.543175939,0.112471445,0.110355645,0.908907503,0.880632246,0.179990688,0.115381516,0.160025922,0.041398558
22,P.12.3,P,12,3,130375,21795,17604,4695,16443,30527,26216,11605,3278,6410,1582,9.96,0.00996,0.58138,0.58183,0.00045,0.45,0.153241209,0.12377418,0.033010667,0.115611159,0.214636127,0.184325375,0.081595055,0.023047703,0.045068876,0.011123083,0.242440759,0.195821387,0.052225711,0.180371445,0.339572795,0.29161858,0.129090388,0.036463446,0.071302834,0.017597673
23,P.12.4,P,12,4,62040,15038,12760,5134,12377,20981,18688,11529,2986,2895,1487,10.02,0.01002,0.58706,0.58767,0.00061,0.61,0.222193479,0.188534965,0.07585725,0.182875961,0.310004082,0.276123936,0.170346364,0.044119546,0.042774978,0.02197112,0.34942421,0.296492414,0.119294048,0.28531503,0.487516249,0.434235911,0.267888796,0.069382943,0.067268459,0.034552055
24,P.12.6,P,12,6,66526,9653,7404,4056,4056,12456,10519,892,1126,1126,624,10.09,0.01009,0.58761,0.58799,0.00038,0.38,0.133009884,0.102020634,0.055888127,0.055888127,0.171632768,0.144942605,0.012290979,0.015515294,0.015515294,0.008598173,0.207721835,0.159325854,0.087280614,0.087194197,0.268039281,0.226357193,0.019194849,0.024230269,0.024230269,0.013427787
25,P.13.1,P,13,1,101309,103510,14497,27099,27099,4362,4156,12487,12487,5521,3226,9.98,0.00998,0.59347,0.59397,5.00E-04,0.5,0.936585217,0.131172601,0.245198752,0.245198752,0.039468503,0.037604561,0.112985601,0.112985601,0.049955434,0.029189681,1.478788828,0.20711044,0.387148087,0.382548307,0.062317427,0.059374421,0.178394707,0.178394707,0.078875404,0.046088037
26,P.13.2,P,13,2,138495,138177,13339,22637,22561,7990,6531,7870,408,6624,8176,9.98,0.00998,0.59146,0.59205,0.00059,0.59,0.914565223,0.088288105,0.14982966,0.149326632,0.052884171,0.04322735,0.052089916,0.002700468,0.043842897,0.054115267,1.444021121,0.13939945,0.236568359,0.232972843,0.083499633,0.068252328,0.082245571,0.004263811,0.069224226,0.085443429
27,P.13.3,P,13,3,98644,93080,6671,15240,16147,119012,115813,6770,5007,12006,3571,9.95,0.00995,0.58653,0.58714,0.00061,0.61,0.864965366,0.061991663,0.141620887,0.150049374,1.1059439,1.076216523,0.062911641,0.046528595,0.111568266,0.033184264,1.369824853,0.098174706,0.224281594,0.234100434,1.751456762,1.704378231,0.099631653,0.073686217,0.17668798,0.052553122
28,P.13.4,P,13,4,110158,26285,3611,10035,24205,48107,47870,10335,5126,7718,2938,10.1,0.0101,0.59286,0.5935,0.00064,0.64,0.21872829,0.030048615,0.08350536,0.201419755,0.400318122,0.398345948,0.086001783,0.042655553,0.064224651,0.024448306,0.341250257,0.046880528,0.13028139,0.314246242,0.624558726,0.621481826,0.1341762,0.066549318,0.100200475,0.038143171
29,P.13.5,P,13,5,175480,32294,5481,11928,18555,3931,52656,12090,6418,4441,3059,10,0.01,0.58327,0.58383,0.00056,0.56,0.168696951,0.028631572,0.062309322,0.096927353,0.020534703,0.275063685,0.063155575,0.03352626,0.023198834,0.015979562,0.265825499,0.045116417,0.098184386,0.151221792,0.032357715,0.433433686,0.099517876,0.052829258,0.036555739,0.025179916
30,P.13.6,P,13,6,114310,10167,5640,13174,8534,23719,20173,6258,4710,2846,1687,10.01,0.01001,0.58998,0.59078,8.00E-04,0.8,0.081530784,0.045228054,0.105644393,0.068435498,0.190206419,0.161770483,0.050183893,0.037770236,0.022822525,0.01352832,0.128344406,0.071197251,0.166303649,0.106770054,0.299419786,0.254656408,0.078998652,0.059457279,0.03592684,0.021296057
31,P.15.1,P,15,1,113142,5897,132,6603,6603,25030,21819,3858,3858,6109,5334,9.97,0.00997,0.59675,0.59716,0.00041,0.41,0.047777156,0.001069456,0.053497128,0.053497128,0.202791626,0.176776288,0.031257295,0.031257295,0.049494768,0.043215762,0.075511751,0.001690275,0.084552161,0.083463865,0.320511976,0.279394759,0.049402126,0.049402126,0.078226435,0.068302472
32,P.15.2,P,15,2,89974,49099,39692,3372,2740,213530,1609,4099,3861,668,41997,10.06,0.01006,0.57889,0.57965,0.00076,0.76,0.500228736,0.404388664,0.034354494,0.027915573,2.175478973,0.016392758,0.04176129,0.039336507,0.006805695,0.427872385,0.783537993,0.633417993,0.053811485,0.04355265,3.40758198,0.025676951,0.06541319,0.061615108,0.010660164,0.670201941
33,P.15.3,P,15,3,121491,18356,321,18372,18372,82516,73120,5589,5589,15744,15657,10,0.01,0.58975,0.59038,0.00063,0.63,0.138499103,0.002421999,0.138619826,0.138619826,0.622597079,0.551702681,0.042169944,0.042169944,0.118791124,0.118134695,0.218241011,0.003816483,0.21843124,0.216268555,0.981062064,0.869349679,0.066449608,0.066449608,0.187186014,0.18615164
34,P.15.4,P,15,4,141342,1485,808,7760,11170,11170,9392,2678,5352,7361,8149,10.02,0.01002,0.58133,0.58212,0.00079,0.79,0.00963093,0.005240264,0.050327286,0.072442755,0.072442755,0.060911581,0.017368102,0.034710262,0.047739581,0.052850135,0.01514572,0.008240904,0.079145311,0.113022,0.113924372,0.095790304,0.027313292,0.054585787,0.075075855,0.083112776
35,P.16.1,P,16,1,132091,7115,518,1730,1730,5478,69684,12070,40691,12034,106,10,0.01,0.58193,0.58239,0.00046,0.46,0.049375862,0.003594757,0.012005656,0.012005656,0.038015597,0.483585046,0.083762004,0.282382743,0.083512176,0.000735607,0.077804389,0.005664466,0.018918003,0.018730696,0.059903365,0.762012799,0.131988613,0.444966747,0.131594943,0.001159138
36,P.16.2,P,16,2,117412,2638,281,13625,13625,28556,23590,2049,4952,24885,5657,9.96,0.00996,0.58581,0.58644,0.00063,0.63,0.020595642,0.00219385,0.10637438,0.10637438,0.222945087,0.184174065,0.015997145,0.03866172,0.194284511,0.044165862,0.032584074,0.003470859,0.168293409,0.165960629,0.352718282,0.291379195,0.025308858,0.061166162,0.307374788,0.069874188
37,P.16.3,P,16,3,246921,17742,2572,5768,25785,3061,50587,11980,7087,7283,8413,10.09,0.01009,0.5774,0.57849,0.00109,1.09,0.065865435,0.009548298,0.021413134,0.095724284,0.011363662,0.187799277,0.044474575,0.026309793,0.027037423,0.031232438,0.102862199,0.014911598,0.03344094,0.149344818,0.017746657,0.293286555,0.069456045,0.041088062,0.042224405,0.048775768
38,P.16.4,P,16,4,96248,3468,217,18075,18075,3353,34428,3083,3083,6370,7106,10.07,0.01007,0.59571,0.59655,0.00084,0.84,0.033029378,0.002066717,0.17214706,0.17214706,0.031934113,0.32789372,0.029362622,0.029362622,0.060668148,0.067677843,0.051684501,0.003234007,0.269376399,0.268576272,0.049970626,0.513089388,0.045946746,0.045946746,0.094933757,0.105902556
39,P.16.5,P,16,5,120415,1948,1036,2845,2845,18950,14345,7346,9297,5989,7301,9.96,0.00996,0.5868,0.58757,0.00077,0.77,0.014829325,0.007886643,0.021657818,0.021657818,0.144258577,0.109202601,0.055922085,0.070774247,0.0455918,0.055579518,0.023461266,0.012477347,0.034264529,0.033789575,0.228229463,0.172767897,0.088473543,0.11197094,0.072130145,0.087931573
40,P.17.1,P,17,1,62892,4818,367,24071,24071,3330,46157,3330,25133,9370,7802,10.1,0.0101,0.58891,0.58932,0.00041,0.41,0.070223813,0.005349136,0.350842135,0.350842135,0.048535761,0.672752293,0.048535761,0.366321108,0.136570596,0.113716519,0.109560105,0.008345487,0.547368468,0.547368468,0.07572336,1.049598536,0.07572336,0.57151808,0.213071436,0.177415512
41,P.17.2,P,17,2,135657,6245,399,23606,23606,52975,45026,10472,6302,9969,10285,9.96,0.00996,0.58942,0.59009,0.00067,0.67,0.042199106,0.002696148,0.159511946,0.159511946,0.357965997,0.304252515,0.070762056,0.04258427,0.067363153,0.069498448,0.066762612,0.004265538,0.252361603,0.248863522,0.566332963,0.48135362,0.111951653,0.067371974,0.106574296,0.109952516
42,P.17.3,P,17,3,248866,6816,2728,21267,21267,53869,40285,3394,6952,39901,11108,10.07,0.01007,0.58757,0.58814,0.00057,0.57,0.025105972,0.010048282,0.078334609,0.078334609,0.19842042,0.148385279,0.012501418,0.025606912,0.146970858,0.040915072,0.039285923,0.015723591,0.122578306,0.122214212,0.310489057,0.232193871,0.019562269,0.040069797,0.22998058,0.064024067
43,P.17.4,P,17,4,150265,3721,333,12485,12485,24272,21952,3623,3623,6607,110,10.09,0.01009,0.59224,0.5929,0.00066,0.66,0.022699425,0.002031419,0.076162945,0.076162945,0.148067842,0.133915016,0.02210159,0.02210159,0.040305052,0.000671039,0.035449743,0.003172471,0.118943843,0.118826077,0.231237882,0.209135382,0.034516103,0.034516103,0.062944491,0.001047963
44,P.17.5,P,17,5,158941,4787,585,12333,12333,60405,50739,15910,17264,11638,10878,9.92,0.00992,0.58406,0.58467,0.00061,0.61,0.027608353,0.003373906,0.071128854,0.071128854,0.348377394,0.29263009,0.091758701,0.099567707,0.067120538,0.062737344,0.043854911,0.005359332,0.112985716,0.110972109,0.553385401,0.464832743,0.145755512,0.158159847,0.106618646,0.099656095
45,P.17.6,P,17,6,177113,806,453,1635,11765,12267,9181,2420,7661,6332,4580,9.98,0.00998,0.58362,0.58456,0.00094,0.94,0.004171552,0.002344557,0.008462143,0.060891197,0.063489359,0.047517389,0.012525006,0.039650443,0.032772041,0.02370435,0.006586527,0.003701857,0.013361007,0.094999767,0.100244328,0.075025937,0.019775925,0.062604695,0.05174428,0.037427164
46,P.18.1,P,18,1,144304,11195,625,11993,11993,49757,44221,3585,3585,11491,9861,10.07,0.01007,0.58872,0.58919,0.00047,0.47,0.071114596,0.003970221,0.076183774,0.076183774,0.316074046,0.280907418,0.022773187,0.022773187,0.072994893,0.062640557,0.1112804,0.006212617,0.11921267,0.118858573,0.494593916,0.439565037,0.035635573,0.035635573,0.114222696,0.09802019
47,P.18.2,P,18,2,161800,35760,30034,2505,33024,146370,136112,4882,3893,26001,28782,10.09,0.01009,0.58947,0.59039,0.00092,0.92,0.202596534,0.170156161,0.014191955,0.18709586,0.829252088,0.77113589,0.027658733,0.022055601,0.147307396,0.163063016,0.316395464,0.26573326,0.022163608,0.291898731,1.295044857,1.204284659,0.043194705,0.034444282,0.230050293,0.254655879
48,P.18.3,P,18,3,96116,15756,13198,15944,15944,70230,64414,12926,8179,14261,16412,9.98,0.00998,0.58279,0.58353,0.00074,0.74,0.150266891,0.125870934,0.15205987,0.15205987,0.669792065,0.614324164,0.123276837,0.078004119,0.136008894,0.156523243,0.23725871,0.198739556,0.240089672,0.237237121,1.05754501,0.969965888,0.194643696,0.123161906,0.214746538,0.24713696
49,P.18.4,P,18,4,191612,3554,244,4747,4747,19277,17121,4351,4452,6397,6433,10.04,0.01004,0.59218,0.59303,0.00085,0.85,0.017002302,0.001167294,0.022709603,0.022709603,0.092220986,0.081906702,0.020815143,0.021298326,0.030603188,0.030775411,0.026684768,0.001832044,0.03564226,0.035430524,0.144738962,0.128550903,0.032668943,0.033427289,0.04803108,0.048301382
50,P.19.1,P,19,1,162215,129891,13788,20693,64565,8566,6129,5658,4565,7088,7299,10.07,0.01007,0.58349,0.58406,0.00057,0.57,0.734008464,0.077915396,0.116935255,0.364854043,0.048406098,0.034634716,0.031973115,0.025796619,0.040053984,0.041246336,1.148579342,0.121922319,0.182980748,0.56922923,0.075746054,0.05419654,0.050031657,0.040366651,0.062676632,0.064542429
51,P.19.2,P,19,2,191026,377172,78068,142317,143343,18786,19583,11057,323,14156,15733,9.98,0.00998,0.58536,0.5863,0.00094,0.94,1.809922509,0.374622269,0.68293177,0.687855202,0.090147742,0.093972279,0.053058852,0.001549969,0.067929918,0.075497415,2.857714534,0.591496872,1.078291494,1.073161431,0.142335659,0.148374279,0.083775438,0.00244727,0.107255594,0.119204031
52,P.19.3,P,19,3,161930,143455,24892,44285,191,8361,8894,22773,22773,7140,8161,9.91,0.00991,0.58774,0.58835,0.00061,0.61,0.81208482,0.140911194,0.250693083,0.001081232,0.047330809,0.05034807,0.128915741,0.128915741,0.040418846,0.046198628,1.291270239,0.224058407,0.398619097,0.001686891,0.075259213,0.080056865,0.204984819,0.204984819,0.064268722,0.073458969
53,P.19.4,P,19,4,172801,22225,2355,7017,19754,36563,36546,10733,6820,7328,1705,9.92,0.00992,0.58579,0.58645,0.00066,0.66,0.11789857,0.012492739,0.037223589,0.104790477,0.193958398,0.193868217,0.056936124,0.036178549,0.038873373,0.009044637,0.187277787,0.019844283,0.059128379,0.163489493,0.308096185,0.307952936,0.090441057,0.057468369,0.061749004,0.014367092
54,P.19.5,P,19,5,210767,40924,5037,11597,17509,3898,56454,7958,8809,4199,2625,10.03,0.01003,0.598,0.59853,0.00053,0.53,0.177987081,0.021906972,0.050437791,0.076150323,0.016953222,0.245530316,0.034611015,0.038312193,0.018262334,0.011416677,0.279625614,0.034416827,0.079240012,0.118806384,0.026634265,0.385739039,0.054375443,0.060190158,0.028690938,0.017936107
55,P.2.2,P,2,2,9707221,970349,3699264,103203,672237,2848076,11938541,108143,248436,1252570,1973524,9.98,0.00998,0.5882,0.58871,0.00051,0.51,0.091631768,0.349328024,0.009745641,0.063480526,0.26894884,1.127377483,0.010212134,0.02346025,0.118282394,0.186363352,0.144678809,0.551559399,0.015387543,0.099039524,0.424647467,1.780033677,0.016124096,0.03704175,0.186757895,0.294251968
56,P.2.3,P,2,3,6427473,424687,1660626,41540,226696,1296214,6310423,45911,88736,556593,863067,10.08,0.01008,0.58916,0.5895,0.00034,0.34,0.06056779,0.236834295,0.00592433,0.032330812,0.184862774,0.899976624,0.006547711,0.012655305,0.079379891,0.12308844,0.094682692,0.370231582,0.009261218,0.050441111,0.28898702,1.406889864,0.01023572,0.019783425,0.124090738,0.192418197
57,P.2.4,P,2,4,19259002,531611,2439050,86374,85927,2169567,11767678,78295,50352,1232768,2277078,10.08,0.01008,0.58999,0.59029,3.00E-04,0.3,0.025303069,0.116091372,0.00411114,0.004089864,0.1032648,0.560105731,0.003726604,0.002396602,0.058676013,0.108381997,0.039555062,0.181480019,0.006426746,0.006380826,0.161428859,0.875586159,0.00582562,0.003746492,0.091725368,0.169428326
58,P.2.5,P,2,5,5833628,33962,202938,4618,8233,174721,1715846,9327,6069,137682,403831,9.95,0.00995,0.57528,0.57575,0.00047,0.47,0.005336636,0.031888762,0.000725652,0.001293696,0.02745487,0.269620304,0.001465603,0.000953655,0.021634729,0.063456182,0.008451501,0.050501466,0.001149197,0.002018368,0.043479618,0.426991192,0.00232104,0.001510281,0.0342624,0.10049403
59,P.2.6,P,2,6,7391300,5075,19598,1802,1802,20145,401197,785,2176,31458,227571,10.03,0.01003,0.59586,0.59659,0.00073,0.73,0.000629402,0.002430547,0.000223484,0.000223484,0.002498386,0.049756505,9.74E-05,0.000269868,0.003901425,0.028223385,0.000988819,0.003818497,0.000351104,0.00034867,0.003925075,0.07816968,0.00015295,0.000423974,0.006129313,0.044340193
60,P.22.1,P,22,1,238891,101008,14546,23790,23566,433260,437054,14070,473,67956,66593,10.02,0.01002,0.58885,0.58962,0.00077,0.77,0.387586821,0.055815756,0.091286735,0.090427204,1.662500656,1.677058952,0.053989254,0.001814991,0.260760039,0.25552995,0.609523822,0.087776548,0.143558646,0.141080546,2.614469065,2.637363622,0.084904168,0.002854277,0.410074458,0.401849556
61,P.22.2,P,22,2,144007,98827,16755,31070,85338,548729,11062,20423,41211,43,80531,10.02,0.01002,0.58959,0.59031,0.00072,0.72,0.629078768,0.106653189,0.19777467,0.543215152,3.492909459,0.070414657,0.130001676,0.262326744,0.000273715,0.512616413,0.98929704,0.167724123,0.311022889,0.847500388,5.492992556,0.11073496,0.204442242,0.412538277,0.000430447,0.806146902
62,P.22.3,P,22,3,128738,104214,9935,19628,19628,504861,8078,9037,64,64671,70789,10.01,0.01001,0.58463,0.58558,0.00095,0.95,0.742048559,0.070741478,0.139759813,0.139759813,3.594827734,0.057518839,0.064347332,0.000455708,0.46048537,0.504048165,1.168120518,0.11136006,0.220007576,0.218047112,5.658918118,0.090545201,0.101294501,0.000717367,0.724888422,0.79346425
63,P.22.4,P,22,4,156284,38623,1627,3585,41505,231549,219323,432,3976,34900,38984,9.94,0.00994,0.58937,0.59023,0.00086,0.86,0.226539796,0.009543025,0.021027501,0.243443912,1.358130211,1.286419687,0.002533858,0.023320877,0.204702868,0.228657209,0.359126558,0.015128263,0.033334249,0.379810484,2.15300198,2.039321497,0.004016847,0.036969868,0.32450915,0.362483229
64,P.22.5,P,22,5,156244,24553,1410,2317,2317,141479,136463,12189,5058,24143,24028,9.97,0.00997,0.58648,0.58723,0.00075,0.75,0.144050322,0.008272348,0.013593638,0.013593638,0.830045025,0.800616588,0.071511806,0.029674847,0.141644888,0.140970193,0.2276714,0.013074438,0.021484732,0.021208196,1.311885393,1.265373775,0.113024343,0.046901069,0.223869613,0.222803259
65,P.22.6,P,22,6,194664,NA,781,9579,14082,13558,11764,3134,11478,9679,11543,10.03,0.01003,0.58923,0.59023,0.001,1,NA,0.003677718,0.045107374,0.066311937,0.063844429,0.055396508,0.014757961,0.054049738,0.045578273,0.054355822,#VALUE!,0.005777858,0.07086569,0.103456968,0.100302435,0.087030376,0.023185413,0.084914541,0.071605492,0.085395413
66,P.23.1,P,23,1,145660,46261,14184,10458,12329,295732,281197,12690,11168,51232,48845,10.05,0.01005,0.58224,0.58287,0.00063,0.63,0.291130515,0.089262991,0.065814464,0.077589073,1.861105674,1.769633763,0.079860925,0.070282648,0.322414097,0.307392188,0.456468771,0.139957049,0.103191682,0.12105106,2.918061059,2.774640606,0.12521538,0.110197428,0.505518862,0.481965741
67,P.23.2,P,23,2,139384,45152,9454,12410,149,395349,396607,9257,5292,1392,79037,9.94,0.00994,0.59513,0.59616,0.00103,1.03,0.296945732,0.062174986,0.081615355,0.00097991,2.600044251,2.608317588,0.060879399,0.03480326,0.009154599,0.519793138,0.47073892,0.098564089,0.129382308,0.001528813,4.121770046,4.134885512,0.096510236,0.055172536,0.014512504,0.824012048
68,P.23.3,P,23,3,136694,4204,11037,15810,17381,321006,17542,7795,5633,1214,58469,10.05,0.01005,0.59092,0.5917,0.00078,0.78,0.028192025,0.074014125,0.106021864,0.116556991,2.152666321,0.117636657,0.052273272,0.037774899,0.008141084,0.392093129,0.044202783,0.116048078,0.166233588,0.18184709,3.375204241,0.18444463,0.081960203,0.059227944,0.012764553,0.61476987
69,P.23.4,P,23,4,137169,8129,6274,1938,1950,2443,63789,2292,2428,16147,17885,10,0.01,0.58504,0.58597,0.00093,0.93,0.054324304,0.04192775,0.012951224,0.013031417,0.016326027,0.426287737,0.015316928,0.016225785,0.107906819,0.119521488,0.085601933,0.06606797,0.02040799,0.020331044,0.025725861,0.671726131,0.024135765,0.025567904,0.170034988,0.18833689
70,P.23.5,P,23,5,175786,4078,223,4327,4369,520,29052,9831,8807,1451,23462,10.03,0.01003,0.57814,0.57925,0.00111,1.11,0.021265518,0.001162877,0.022563976,0.022782993,0.00271164,0.151497257,0.051265646,0.0459258,0.007566519,0.122347124,0.033409073,0.001826931,0.035449009,0.035545024,0.004260107,0.238008924,0.080540608,0.072151473,0.011887338,0.192212769
71,P.24.1,P,24,1,132588,200553,44356,80826,80953,8513,11993,19098,14051,6935,7738,9.97,0.00997,0.58238,0.58307,0.00069,0.69,1.386557747,0.306662854,0.558804488,0.559682524,0.058856093,0.082915673,0.132037316,0.097144011,0.047946318,0.053497997,2.191453233,0.484680357,0.883189975,0.873192057,0.093022001,0.131048145,0.208684856,0.15353602,0.075779112,0.084553535
72,P.24.2,P,24,2,133479,131236,22577,40635,40529,7119,7477,13592,11952,5968,6680,10.04,0.01004,0.59505,0.59569,0.00064,0.64,0.901266148,0.155048049,0.279061766,0.278333809,0.048889891,0.051348464,0.093343362,0.082080626,0.040985373,0.045875049,1.414518884,0.243344759,0.437981765,0.434244166,0.076731689,0.080590369,0.146500508,0.128823872,0.064325709,0.071999955
73,P.24.3,P,24,3,78115,62219,9293,18149,43280,77721,3320,13541,8598,11296,2980,10.05,0.01005,0.5882,0.58874,0.00054,0.54,0.730132378,0.109052222,0.212976302,0.507885523,0.912046458,0.038959795,0.158901984,0.100896482,0.132557183,0.034969937,1.144787688,0.17098494,0.333929374,0.792380653,1.430014045,0.061085764,0.249145278,0.158197408,0.207838791,0.054829993
74,P.24.4,P,24,4,105638,111634,17103,672,89919,7375,9779,582,553,5258,6267,9.99,0.00999,0.59787,0.59859,0.00072,0.72,0.968700077,0.148410676,0.005831256,0.780268935,0.063996301,0.084856926,0.005050284,0.004798638,0.045626109,0.05438167,1.52796445,0.234093341,0.009197844,1.217341272,0.1009436,0.133847792,0.00796599,0.007569059,0.071967654,0.085778107
75,P.24.5,P,24,5,144929,30429,4428,10310,25212,40774,39779,8756,5405,7932,111,10.01,0.01001,0.58977,0.5903,0.00053,0.53,0.192462181,0.028006919,0.065210329,0.159464869,0.257893883,0.251600549,0.055381342,0.034186404,0.050169576,0.00070207,0.302970769,0.044088027,0.102653016,0.248790075,0.405972268,0.396065405,0.087180389,0.053815669,0.078976113,0.001105188
76,P.24.6,P,24,6,113200,17091,3101,8683,10342,28720,25803,3577,3577,6209,115,10.02,0.01002,0.59536,0.59602,0.00066,0.66,0.138399355,0.025111252,0.070313124,0.08374736,0.232568572,0.208947315,0.0289658,0.0289658,0.050279188,0.000931246,0.217648535,0.039490264,0.110575287,0.130658947,0.365740209,0.328593128,0.045551975,0.045551975,0.079069671,0.001464489
77,P.3.1,P,3,1,6532633,368707,755568,48963,488827,1713042,5235771,75806,326622,1036943,1007848,10.08,0.01008,0.5851,0.5855,4.00E-04,0.4,0.051737584,0.106022567,0.00687057,0.068593023,0.240376922,0.734692153,0.010637225,0.045832146,0.145505578,0.141422919,0.080878858,0.165739943,0.01074043,0.107015818,0.375769598,1.148508656,0.016628658,0.071647174,0.227461822,0.221079599
78,P.3.2,P,3,2,6778051,586704,1100210,85417,654982,2789930,7446498,112556,442618,1769667,1485766,10.04,0.01004,0.59547,0.59588,0.00041,0.41,0.079346401,0.148793436,0.011551876,0.088580382,0.37731276,1.007071402,0.015222179,0.059860075,0.239331432,0.200936393,0.124532563,0.233528272,0.018130434,0.138199217,0.592184702,1.580578078,0.023890901,0.09394917,0.375625813,0.315365581
79,P.3.3,P,3,3,12265386,776657,1458750,95723,675000,3890522,10396984,201509,523981,2654889,2309896,10.1,0.0101,0.59112,0.5919,0.00078,0.78,0.058044498,0.109021629,0.007153986,0.050447026,0.290763356,0.777032482,0.015060044,0.03916042,0.198416674,0.172633162,0.090558473,0.17009075,0.011161335,0.078705232,0.4536362,1.212291901,0.023496019,0.061096364,0.309560968,0.269334666
80,P.3.4,P,3,4,5491333,115554,245003,9799,25855,648347,2273483,18129,26656,498884,489658,10,0.01,0.59199,0.59242,0.00043,0.43,0.019289467,0.04089843,0.00163575,0.004315984,0.108228775,0.379513255,0.00302628,0.004449695,0.083278868,0.081738769,0.030395523,0.064446011,0.002577546,0.006733608,0.170542312,0.598020887,0.004768683,0.00701164,0.131227307,0.128800484
81,P.3.5,P,3,5,9375169,44069,147080,4314,17281,232991,1534301,10897,12302,232107,468697,10.07,0.01007,0.58414,0.58471,0.00057,0.57,0.004308907,0.014380949,0.000421807,0.001689673,0.022781014,0.150018383,0.001065469,0.001202845,0.02269458,0.045827492,0.006742595,0.022503365,0.000660046,0.002636154,0.035647821,0.234749359,0.00166725,0.001882216,0.035512569,0.07171104
82,P.3.6,P,3,6,7603035,8305,18467,652,4806,26986,265119,2989,4202,31298,151821,9.95,0.00995,0.59085,0.59152,0.00067,0.67,0.001001303,0.002226498,7.86E-05,0.000579442,0.003253603,0.031964424,0.000360373,0.00050662,0.003773485,0.0183045,0.00158574,0.003526052,0.000124492,0.00090402,0.005152653,0.05062129,0.000570714,0.000802321,0.005975977,0.028988397
83,P.4.1,P,4,1,4600663,86912,95569,22174,59124,871890,1190406,57781,37319,749034,164030,10.01,0.01001,0.58632,0.58658,0.00026,0.26,0.017316987,0.019041872,0.004418111,0.011780301,0.173721789,0.237185264,0.011512712,0.007435713,0.149243054,0.032682546,0.027260114,0.029975398,0.006954917,0.018379108,0.273469955,0.373373103,0.01812312,0.011705175,0.234935937,0.051448321
84,P.4.2,P,4,2,6045237,106714,141336,21147,30172,1012180,1560555,60037,21614,1039040,248465,9.97,0.00997,0.59266,0.59297,0.00031,0.31,0.016181586,0.021431496,0.003206627,0.004575134,0.153481996,0.236634883,0.009103715,0.003277441,0.157554914,0.03767601,0.025574982,0.033872459,0.005068071,0.007137922,0.242578152,0.374001214,0.014388414,0.005179992,0.249015396,0.059546899
85,P.4.3,P,4,3,5834799,159342,186910,30704,62315,1431313,1882144,75559,38961,1399172,286454,9.95,0.00995,0.57877,0.57903,0.00026,0.26,0.025033258,0.0293643,0.00482372,0.009789933,0.224864933,0.295692266,0.011870618,0.006120927,0.219815455,0.045003056,0.039644569,0.046503536,0.007639209,0.015273823,0.356113188,0.468280733,0.018799212,0.009693565,0.348116451,0.071270258
86,P.4.4,P,4,4,5438005,56762,65310,6478,9677,598554,873598,19078,5797,610628,136585,10.06,0.01006,0.58997,0.59019,0.00022,0.22,0.009568219,0.011009133,0.001091979,0.001631226,0.100896651,0.147260085,0.003215928,0.000977185,0.102931933,0.023023769,0.01498727,0.017244258,0.001710432,0.002544967,0.15804042,0.230662221,0.005037298,0.001530623,0.161228403,0.036063498
87,P.4.6,P,4,6,7428434,19779,57761,5345,10162,162218,803728,15615,6791,277947,195346,9.94,0.00994,0.58372,0.58425,0.00053,0.53,0.002440732,0.007127717,0.000659574,0.001253993,0.020017728,0.09918017,0.001926894,0.000838011,0.034298706,0.024105729,0.003869217,0.01129935,0.001045602,0.001956424,0.031733488,0.157227268,0.003054645,0.001328472,0.054372682,0.03821407
88,P.5.1,P,5,1,5333539,928092,2405913,179494,853107,1078472,2936581,86710,138989,129032,79031,10.1,0.0101,0.5913,0.59166,0.00036,0.36,0.159510241,0.413501855,0.030849454,0.146622645,0.185355901,0.504707232,0.014902761,0.0238879,0.0221766,0.013582979,0.248860863,0.645127406,0.048129961,0.228754201,0.289184124,0.787422024,0.023250632,0.037268851,0.034598957,0.021191566
89,P.5.2,P,5,2,34104636,15486456,25956105,4764571,14216934,20183146,34151802,2493601,4059614,4121774,2644688,9.92,0.00992,0.59708,0.59763,0.00055,0.55,0.416247504,0.697652447,0.128062921,0.382125084,0.542485908,0.917937735,0.067023417,0.109114971,0.110785718,0.071084358,0.661194716,1.108196703,0.203423506,0.596174748,0.86172004,1.458112239,0.106464372,0.173325345,0.175979268,0.112915036
90,P.5.3,P,5,3,11357873,2893101,6055798,491800,1723958,3743597,8594480,272904,341002,532790,314156,10.08,0.01008,0.58485,0.5853,0.00045,0.45,0.233496086,0.488750698,0.039692142,0.139137018,0.302137827,0.693642373,0.022025507,0.027521553,0.043000358,0.025354869,0.365013122,0.764040292,0.062048803,0.217075456,0.47231743,1.084337524,0.034431408,0.043023111,0.067220377,0.039636038
91,P.5.4,P,5,4,8776298,1262666,3450642,242001,710205,1632298,5203440,140260,127214,217969,167921,10.08,0.01008,0.59167,0.59214,0.00047,0.47,0.131883403,0.360413924,0.025276609,0.074179753,0.170490862,0.543490814,0.014649928,0.013287295,0.022766506,0.017539074,0.206166935,0.56341763,0.039513699,0.115731988,0.266520106,0.849612865,0.022901523,0.020771384,0.035589776,0.027417985
92,P.5.5,P,5,5,6597207,90605,210879,12387,27609,184532,609951,10773,8888,54333,40653,9.97,0.00997,0.58583,0.58637,0.00054,0.54,0.012589401,0.029301256,0.001721151,0.003836221,0.025640388,0.08475159,0.001496889,0.001234972,0.007549472,0.005648661,0.019897537,0.046310608,0.002720278,0.005985103,0.04052461,0.13394981,0.002365832,0.001951871,0.011931934,0.008927703
93,P.5.6,P,5,6,7670472,53558,32001,15436,94153,24870,83478,3985,2986,5364,7627,9.9,0.0099,0.58055,0.58103,0.00048,0.48,0.00640052,0.003824322,0.0018447,0.01125188,0.002972123,0.00997615,0.000476233,0.000356846,0.000641032,0.000911475,0.010187544,0.006087075,0.002936161,0.017554688,0.004730651,0.015878782,0.000758007,0.000567982,0.001020314,0.001450771
94,P.6.1,P,6,1,7987016,395878,733513,55029,567860,1858911,5402233,98814,385751,1266041,1173277,10.02,0.01002,0.5866,0.58688,0.00028,0.28,0.045434927,0.084185303,0.00631568,0.065173305,0.213347256,0.620014399,0.011340885,0.044272651,0.145303553,0.134657027,0.071451527,0.132390847,0.009932116,0.101680523,0.33551253,0.975042302,0.017834816,0.069623717,0.228506162,0.211763304
95,P.6.2,P,6,2,22471052,1909506,3668501,272302,2013449,9405142,21323587,538537,1804358,7885729,7758748,10.01,0.01001,0.59672,0.59718,0.00046,0.46,0.07789519,0.149650529,0.011108117,0.082135376,0.383667463,0.869861033,0.021968741,0.073605848,0.321685482,0.316505499,0.122621314,0.235577377,0.017486213,0.128144,0.603962949,1.369320791,0.034582827,0.115869104,0.506391944,0.4982377
96,P.6.3,P,6,3,13140933,482720,977204,64654,321301,2636436,7894192,152141,278470,2137117,1965333,9.98,0.00998,0.58388,0.58424,0.00036,0.36,0.033673023,0.068166666,0.004510059,0.022412943,0.183909452,0.550673912,0.010612876,0.019425188,0.149078535,0.137095426,0.053166855,0.107629399,0.007121002,0.034967688,0.290377467,0.869467523,0.016756833,0.030670729,0.235382396,0.216462079
97,P.6.4,P,6,4,7010832,58685,98893,5358,13939,336548,982047,9399,11128,314883,265030,10.04,0.01004,0.58994,0.59027,0.00033,0.33,0.007673095,0.012930312,0.000700561,0.001822532,0.044003829,0.128403166,0.001228924,0.001454992,0.041171119,0.034652813,0.012042766,0.020293862,0.001099517,0.002843434,0.069063115,0.201526157,0.001928772,0.00228358,0.064617234,0.054386885
98,P.7.1,P,7,1,6155443,1124009,2405867,126958,828063,1339881,2983489,64967,136421,173246,87302,10.04,0.01004,0.58773,0.58796,0.00023,0.23,0.167387681,0.358282272,0.018906615,0.123315334,0.199535389,0.444301874,0.009674901,0.020315847,0.025799835,0.013001034,0.26271156,0.562316737,0.029673547,0.19239116,0.313166735,0.697322753,0.01518456,0.031885309,0.040492315,0.020404859
99,P.7.2,P,7,2,6733726,1857202,3721478,205086,1039644,2582169,5369641,108394,209125,396832,188872,9.98,0.00998,0.58626,0.58678,0.00052,0.52,0.252823082,0.506609155,0.027918597,0.141527954,0.351513688,0.730975513,0.014755802,0.028468431,0.054021205,0.025711366,0.399186259,0.799893,0.044081103,0.220805689,0.555010377,1.154148499,0.023298163,0.044949244,0.085294912,0.040596072
100,P.7.3,P,7,3,4876843,965029,1796973,96801,369708,1470531,2851788,55153,81710,230679,104510,9.98,0.00998,0.58307,0.58356,0.00049,0.49,0.181390529,0.337765895,0.018195085,0.069491725,0.276406612,0.536032943,0.010366768,0.015358523,0.043359304,0.019644098,0.286400301,0.533303775,0.0287285,0.108417933,0.436422658,0.846350672,0.01636825,0.024249809,0.068460673,0.031016369
101,P.7.4,P,7,4,10682514,172517,385541,24955,37659,277006,740878,14313,12212,59589,42631,9.95,0.00995,0.57854,0.57883,0.00029,0.29,0.01480374,0.033083399,0.002141397,0.003231531,0.023769975,0.063574982,0.001228203,0.001047916,0.005113351,0.00365818,0.023444327,0.052393383,0.003391278,0.005041693,0.037643938,0.100682171,0.001945076,0.001659559,0.008097892,0.005793372
102,P.7.5,P,7,5,7079135,55675,94822,6176,66420,67225,212251,4614,3918,19314,12937,9.9,0.0099,0.58801,0.58825,0.00024,0.24,0.007209299,0.012278404,0.000799724,0.008600658,0.008704897,0.027484166,0.000597462,0.000507338,0.00250095,0.001675199,0.011474856,0.019543221,0.0012729,0.013418369,0.013855361,0.043745842,0.000950965,0.000807517,0.003980698,0.002666371
103,P.7.6,P,7,6,6659812,62976,70905,14283,101902,37412,149563,3051,4275,7199,11260,9.97,0.00997,0.58614,0.58669,0.00055,0.55,0.008668144,0.009759508,0.001965941,0.014025997,0.005149463,0.020586154,0.000419946,0.00058842,0.000990885,0.001549849,0.013699994,0.015424893,0.003107168,0.021882744,0.008138722,0.032536397,0.000663724,0.000929997,0.001566093,0.002449535
104,P.8.1,P,8,1,18850586,1227609,4852918,120357,1192144,3578883,15001340,123888,424856,1600845,2757483,10.08,0.01008,0.58684,0.5873,0.00046,0.46,0.059696412,0.23598865,0.005852744,0.057971813,0.174034626,0.729488109,0.00602445,0.020659981,0.077846205,0.134091425,0.093320509,0.368909626,0.009149311,0.090445072,0.272059901,1.140373427,0.009417731,0.032296748,0.121693202,0.20961863
105,P.8.2,P,8,2,7668403,442314,1878628,42550,328809,1375988,7087960,43491,131550,611347,1044560,9.94,0.00994,0.58549,0.58588,0.00039,0.39,0.052873587,0.224568522,0.005086367,0.039305361,0.164483651,0.847284668,0.005198852,0.0157253,0.073079552,0.124865218,0.083818869,0.356001559,0.00806326,0.061322495,0.260750864,1.343174281,0.00824158,0.024928834,0.115850762,0.197944984
106,P.8.3,P,8,3,10452577,531710,2258594,44236,278623,1666666,8417682,47767,119928,750046,1227685,9.9,0.0099,0.59221,0.59272,0.00051,0.51,0.046629899,0.198074155,0.003879408,0.024434677,0.146163259,0.738213797,0.00418907,0.010517445,0.065777527,0.107665508,0.074219612,0.315269547,0.006174755,0.038121909,0.232644306,1.174995943,0.006667635,0.016740347,0.104696401,0.171368424
107,P.8.4,P,8,4,5628424,299118,1379694,27009,170568,1065565,5879072,30603,78106,491703,828009,9.94,0.00994,0.57724,0.57773,0.00049,0.49,0.048715679,0.224703061,0.004398805,0.027779458,0.173542624,0.957491641,0.00498414,0.012720688,0.080080923,0.134853204,0.077227465,0.356214839,0.00697329,0.043340289,0.275111775,1.517881999,0.007901203,0.020165715,0.12694982,0.21377863
108,P.8.5,P,8,5,6290019,34318,173020,2468,8646,221845,1385604,6995,5537,165843,280830,10,0.01,0.58981,0.59018,0.00037,0.37,0.005001301,0.025214907,0.000359672,0.001260017,0.032330372,0.201929695,0.00101941,0.000806929,0.024168974,0.040926496,0.007880839,0.039732581,0.000566755,0.001965823,0.050944829,0.318192247,0.001606343,0.001271525,0.038084443,0.064490236
109,P.9.1,P,9,1,10855379,525337,1938206,57177,362011,1574115,7308457,55629,148539,706561,1156976,10.01,0.01001,0.59032,0.59073,0.00041,0.41,0.044361479,0.163669577,0.004828246,0.030569603,0.132924332,0.617154249,0.004697527,0.012543205,0.059664731,0.097699508,0.069833104,0.257645931,0.007600545,0.04769335,0.209247275,0.97151397,0.007394769,0.019745305,0.093923229,0.153796943
110,P.9.2,P,9,2,6283801,586958,2409743,60962,674821,1786835,8984504,56316,244584,758391,1295066,9.99,0.00999,0.58404,0.5845,0.00046,0.46,0.085624416,0.351529133,0.008893031,0.098441718,0.260660393,1.310643873,0.00821528,0.03567949,0.110632765,0.188921984,0.13505838,0.554479173,0.014027288,0.153584439,0.411148738,2.067324337,0.012958249,0.056278505,0.174504922,0.29799324
111,P.9.4,P,9,4,5600340,24758,98047,2089,6184,129998,750983,4249,3130,100002,172722,10.08,0.01008,0.59271,0.593,0.00029,0.29,0.004052418,0.016048444,0.00034193,0.001012204,0.02127822,0.122921749,0.000695481,0.000512322,0.016368441,0.028271333,0.006334948,0.025087755,0.000534522,0.001579196,0.033263211,0.192157616,0.001087212,0.000800888,0.025587991,0.044195205
112,S.1.1,S,1,1,5103619,6942,20160,1608,5767,7205,19232,653,679,1043,NA,10.1,0.0101,0.5856,0.5856,0,0,0.001246865,0.003620973,0.000288816,0.001035821,0.001294103,0.003454293,0.000117286,0.000121956,0.000187335,NA,NA,0.005649283,NA,NA,NA,0.005389237,NA,NA,NA,NA
113,S.4.1,S,4,1,11305274,22593,27408,4205,13555,87283,127958,4920,4578,54292,15014,9.92,0.00992,0.59763,0.59776,0.00013,0.13,0.001831917,0.002222334,0.000340956,0.001099085,0.007077202,0.010375269,0.00039893,0.0003712,0.00440218,0.001217386,NA,0.0035301,NA,NA,NA,0.016480755,NA,NA,NA,NA
114,S.2.1,S,2,1,174379,278,771,969,151,552,2377,2844,2844,130,231,10.04,0.01004,NA,NA,NA,NA,0.001461382,0.004052968,0.005093808,0.000793772,0.002901736,0.012495338,0.014950249,0.014950249,0.00068338,0.001214313,NA,0.000636105,NA,NA,NA,0.001961118,NA,NA,NA,NA
115,S.3.1,S,3,1,191154,276,666,852,310,1468,4262,5043,284,135,926,10.06,0.01006,NA,NA,NA,NA,0.001323545,0.003193772,0.004085726,0.00148659,0.007039725,0.02043822,0.024183469,0.001361909,0.000647386,0.004440589,NA,0.000500259,NA,NA,NA,0.00320136,NA,NA,NA,NA
116,S.5.1,S,5,1,234587,1260,3181,3468,1418,1159,3040,3191,3191,,,9.96,0.00996,NA,NA,NA,NA,0.004923564,0.012430046,0.013551525,0.005540964,0.004528898,0.011879076,0.012469122,0.012469122,0,0,NA,0.00196654,NA,NA,NA,0.001879372,NA,NA,NA,NA
117,S.8.1,S,8,1,338,869,1055,1055,607,2873,381,381,143,141,,10.06,0.01006,NA,NA,NA,NA,2.356763994,2.861203698,2.861203698,1.646209142,7.791695,1.033287781,1.033287781,0.387821923,0.38239784,0,NA,0.448167336,NA,NA,NA,0.161850005,NA,NA,NA,NA
